0,0,0,0,0,0,0,0,0,0,0
0,41,0,0,0,0,76,0,0,0,0
0,40,0,0,0,0,54,0,0,0,0
0,38,0,0,0,0,82,0,0,0,0
0,18,0,0,0,0,58,0,0,0,0
0,22,0,0,0,0,54,0,0,0,0
0,48,0,0,0,0,63,0,0,0,0
0,12,0,0,0,0,52,0,0,0,0
0,73,0,0,0,0,36,0,0,0,0
0,83,0,0,0,0,14,0,0,0,0
0,9,0,0,0,0,11,0,0,0,0
0,96,0,0,0,0,2,0,0,0,0
0,35,0,0,0,0,35,0,0,0,0
0,47,0,0,0,0,27,0,0,0,0
0,33,0,0,0,0,5,0,0,0,0
0,0,0,0,0,0,25,0,0,0,0
0,50,0,0,0,0,12,0,0,0,0
0,27,0,0,0,0,86,0,0,0,0
0,131,0,0,0,0,42,0,0,0,0
0,114,0,0,0,0,12,0,0,0,0
0,62,0,0,0,0,16,0,0,0,0
0,36,0,0,0,0,67,0,0,0,0
0,31,0,0,0,0,88,0,0,0,0
0,92,0,0,0,0,58,0,0,0,0
0,67,0,0,0,0,39,0,0,0,0
0,34,0,0,0,0,75,0,0,0,0
0,77,0,0,0,0,106,0,0,0,0
0,149,0,0,0,0,49,0,0,0,0
0,47,0,0,0,0,20,0,0,0,0
0,26,0,0,0,0,53,0,0,0,0
0,55,0,0,0,0,40,0,0,0,0
0,83,0,0,0,0,8,0,0,0,0
0,68,0,0,0,0,3,0,0,0,0
0,41,0,0,0,0,27,0,0,0,0
0,5,0,0,0,0,56,0,0,0,0
0,116,0,0,0,0,13,0,0,0,0
0,23,0,0,0,0,32,0,0,0,0
0,77,0,0,0,0,65,0,0,0,0
0,16,0,0,0,0,54,0,0,0,0
0,11,0,0,0,0,26,0,0,0,0
0,70,0,0,0,0,28,0,0,0,0
0,48,0,0,0,0,15,0,0,0,0
0,36,0,0,0,0,11,0,0,0,0
0,13,0,0,0,0,9,0,0,0,0
0,94,0,0,0,0,41,0,0,0,0
0,9,0,0,0,0,26,0,0,0,0
0,15,0,0,0,0,3,0,0,0,0
0,14,0,0,0,0,57,0,0,0,0
0,49,0,0,0,0,7,0,0,0,0
0,65,0,0,0,0,64,0,0,0,0
0,35,0,0,0,0,90,0,0,0,0
0,64,0,0,0,0,25,0,0,0,0
0,45,0,0,0,0,25,0,0,0,0
0,179,0,0,0,0,43,0,0,0,0
1,188,0,0,0,0,47,0,0,0,0
1,59,0,0,0,0,3,0,0,0,0
1,100,0,0,0,0,42,0,0,0,0
1,54,0,0,0,0,69,0,0,0,0
1,74,0,0,0,0,26,0,0,0,0
1,22,0,0,0,0,9,0,0,0,0
1,14,0,0,0,0,22,0,0,0,0
1,7,0,0,0,0,42,0,0,0,0
1,1,0,0,0,0,170,0,0,0,0
1,30,0,0,0,0,82,0,0,0,0
1,0,0,0,0,0,46,0,0,0,0
1,20,0,0,0,0,75,0,0,0,0
1,13,0,0,0,0,44,0,0,0,0
1,1,0,0,0,0,13,0,0,0,0
1,13,0,0,0,100,1,0,0,0,0
1,22,-8,1,0,100,19,0,0,0,0
1,36,-8,1,0,100,33,0,0,0,0
1,7,-12,3,0,100,39,0,0,0,0
1,23,-6,1,0,100,37,0,0,0,0
1,54,-2,1,0,100,90,0,0,0,0
1,6,0,1,0,100,22,0,0,0,0
1,3,4,1,0,100,77,0,0,0,0
1,6,2,-1,0,100,11,0,0,0,0
1,9,0,3,0,100,65,0,0,0,0
0,5,-2,1,0,100,25,0,0,0,0
1,5,-2,1,0,100,112,0,0,0,0
1,1,-2,1,0,100,64,0,0,0,0
1,6,-2,3,0,100,45,0,0,0,0
0,5,0,1,0,100,53,0,0,0,0
1,3,-2,5,0,100,44,0,0,0,0
1,1,0,1,0,100,86,0,0,0,0
1,7,-2,5,0,100,45,0,0,0,0
1,1,-2,1,0,100,25,0,0,0,0
0,9,0,3,0,100,14,0,0,0,0
1,2,-2,1,0,100,31,0,0,0,0
1,5,-2,1,0,100,21,0,0,0,0
1,5,-4,1,0,100,31,0,0,0,0
1,10,-4,3,0,100,6,0,0,0,0
1,2,-6,1,0,100,17,0,0,0,0
1,11,-4,1,0,100,2,0,0,0,0
1,8,-10,1,0,100,32,0,0,0,0
1,1,-8,1,0,100,1,0,0,0,0
1,12,-6,1,0,100,34,0,0,0,0
1,0,-8,3,0,100,41,0,0,0,0
1,4,-14,1,0,100,5,0,0,0,0
1,7,-10,3,0,100,24,0,0,0,0
1,24,-16,1,0,100,17,0,0,0,0
1,13,-12,3,0,100,50,0,0,0,0
1,21,-16,1,0,100,68,0,0,0,0
1,4,-14,1,0,100,53,0,0,0,0
1,16,-12,1,0,100,25,0,0,0,0
1,10,-18,-1,0,100,1,0,0,0,0
1,12,-12,-1,0,100,38,0,0,0,0
1,15,-14,-1,0,100,36,0,0,0,0
1,4,-10,-1,0,100,61,0,0,0,0
1,59,-12,-1,0,100,19,0,0,0,0
1,19,-8,-1,0,100,69,0,0,0,0
1,76,-6,-1,0,100,46,0,0,0,0
1,40,-6,-1,0,100,41,0,0,0,0
1,7,-4,-1,0,100,22,0,0,0,0
0,0,-2,-1,0,100,52,0,0,0,0
1,13,-2,1,0,100,43,0,0,0,0
0,9,-2,-1,0,100,52,0,0,0,0
0,33,-2,1,0,100,3,0,0,0,0
0,21,-2,1,0,100,16,0,0,0,0
1,9,-4,3,0,100,7,0,0,0,0
1,14,-4,3,0,100,104,0,0,0,0
0,9,-2,3,0,100,108,0,0,0,0
1,28,-4,3,0,100,59,0,0,0,0
1,15,-4,3,0,100,72,0,0,0,0
1,2,-4,1,0,100,90,0,0,0,0
0,8,0,1,0,100,47,0,0,0,0
0,5,-2,-1,0,100,6,0,0,0,0
1,8,-2,1,0,100,11,0,0,0,0
0,28,-2,-1,0,100,13,0,0,0,0
0,9,-2,-1,0,100,4,0,0,0,0
1,33,-2,-3,0,100,56,0,0,0,0
0,44,-2,-1,0,100,42,0,0,0,0
1,48,-4,-3,0,100,2,0,0,0,0
0,10,-2,-1,0,100,33,0,0,0,0
1,47,-6,-1,0,100,60,0,0,0,0
0,1,-4,-1,4,100,23,0,0,0,0
1,5,-8,-1,12,100,30,0,0,0,0
1,15,-4,1,16,100,46,0,0,0,0
1,22,-6,1,22,100,10,0,0,0,0
1,1,-2,1,24,100,60,0,0,0,0
1,33,-6,-1,30,100,39,0,0,0,0
1,43,-4,1,34,100,38,0,0,0,0
1,15,-8,1,42,100,15,0,0,0,0
1,56,-4,1,46,100,63,0,0,0,0
1,39,-8,1,50,100,7,0,0,0,0
1,63,-8,1,50,100,14,0,0,0,0
1,51,-8,1,50,100,27,0,0,0,0
1,13,-10,-1,50,100,14,0,0,0,0
1,33,-8,-3,50,100,7,0,0,0,0
1,9,-10,-1,50,100,55,0,0,0,0
1,35,-8,-3,50,100,40,0,0,0,0
1,14,-18,-5,50,100,25,0,0,0,0
1,9,-12,-3,50,100,63,0,0,0,0
1,15,-12,-3,50,100,2,0,0,0,0
1,38,-24,-9,50,100,14,0,0,0,0
1,6,-14,-5,50,100,49,0,0,0,0
1,3,-14,-3,50,100,31,0,0,0,0
1,19,-26,-1,50,100,24,0,0,0,0
1,9,-14,1,50,100,29,0,0,0,0
1,86,34,47,50,100,14,0,0,0,0
1,113,26,43,50,100,26,0,0,0,0
1,232,30,37,50,100,27,0,0,0,0
0,7,30,31,50,100,36,0,0,0,0
0,38,32,25,50,100,4,0,0,0,0
0,25,28,21,50,100,43,0,0,0,0
0,62,20,17,40,100,58,0,0,0,0
0,107,16,15,24,100,71,0,0,0,0
0,23,14,13,10,100,41,0,0,0,0
0,26,12,11,0,100,52,0,0,0,0
0,83,10,9,0,100,54,0,0,0,0
0,51,8,9,0,100,2,0,0,0,0
0,48,6,7,0,100,5,0,0,0,0
0,46,6,7,0,100,44,0,0,0,0
0,16,4,7,0,100,47,0,0,0,0
0,4,2,5,0,100,5,0,0,0,0
0,22,2,5,0,100,73,0,0,0,0
0,15,2,5,0,100,34,0,0,0,0
0,23,2,5,0,100,25,0,0,0,0
0,57,2,5,0,100,1,0,0,0,0
0,39,2,5,0,100,3,0,0,0,0
0,33,0,3,0,100,12,0,0,0,0
0,136,0,3,0,100,33,0,0,0,0
0,61,0,3,0,100,769,0,0,0,0
0,22,0,3,0,100,274,0,0,0,0
0,56,0,3,0,100,29,0,0,0,0
0,58,0,3,0,100,1,0,0,0,0
2,15,0,3,0,100,25,0,0,0,0
0,21,0,1,0,100,36,0,0,0,0
0,132,0,1,0,100,5,0,0,0,0
2,146,0,1,0,100,68,0,0,0,0
0,8,0,1,0,100,3,0,0,0,0
0,13,0,1,0,100,21,0,0,0,0
2,52,0,1,0,100,35,0,0,0,0
2,53,0,1,0,100,31,0,0,0,0
2,59,2,1,0,100,36,0,0,0,0
2,42,0,1,0,100,46,0,0,0,0
2,74,0,1,0,100,11,0,0,0,0
0,38,0,1,0,100,34,0,0,0,0
0,67,0,1,0,100,43,0,0,0,0
2,13,0,0,0,0,14,0,0,0,0
2,33,0,0,0,0,26,0,0,0,0
2,41,0,0,0,0,2,0,0,0,0
2,23,0,0,0,0,2,0,0,0,0
2,67,0,0,0,0,34,0,0,0,0
2,56,0,0,0,0,4,0,0,0,0
2,80,0,0,0,0,19,0,0,0,0
2,47,0,0,0,0,24,0,0,0,0
0,84,0,0,0,0,77,0,0,0,0
0,39,0,0,0,0,126,0,0,0,0
2,37,0,0,0,0,138,0,0,0,0
2,33,0,0,0,0,38,0,0,0,0
2,16,0,0,0,0,27,0,0,100,36
2,25,0,0,0,0,44,-3,-1,100,33
2,66,0,0,0,0,8,-7,-1,100,26
0,108,0,0,0,0,18,-3,1,100,23
0,21,0,0,0,0,6,-3,-1,100,20
0,14,0,0,0,0,89,-1,-1,100,19
2,68,0,0,0,0,39,-5,1,100,14
2,88,0,0,0,0,35,-3,3,100,11
2,25,0,0,0,0,23,-3,5,100,8
2,46,0,0,0,0,24,-1,5,100,7
2,49,0,0,0,0,29,-3,9,100,4
2,56,0,0,0,0,12,-1,7,100,3
2,36,0,0,0,0,22,-5,5,100,0
2,5,0,0,0,0,13,-3,9,100,0
2,28,0,0,0,0,4,-3,3,100,0
2,72,0,0,0,0,4,-1,5,100,0
0,23,0,0,0,0,12,-3,3,100,0
2,1,0,0,0,0,2,1,3,100,0
0,28,0,0,0,0,22,-1,-1,100,0
0,38,0,0,0,0,22,3,1,100,0
2,63,0,0,0,0,1,-1,1,100,0
2,25,0,0,0,0,18,-1,3,100,0
2,102,0,0,0,0,3,-5,3,100,0
2,96,0,0,0,0,10,3,5,100,0
0,0,0,0,0,0,8,-1,1,100,0
2,76,0,0,0,0,22,1,5,100,0
2,13,0,0,0,0,10,-3,3,100,0
2,69,0,0,0,0,12,3,5,100,0
2,85,0,0,0,0,17,3,1,100,0
2,66,0,0,0,0,9,5,3,100,0
2,16,0,0,0,0,9,1,1,100,0
0,64,0,0,0,0,17,1,1,100,0
0,60,0,0,0,0,8,-1,-1,100,0
0,14,0,0,0,0,10,-1,1,100,0
2,1,0,0,0,0,36,-1,1,100,0
2,87,0,0,0,0,28,3,3,100,0
0,76,0,0,0,0,0,-1,-1,100,0
2,33,0,0,0,0,12,-3,1,100,0
0,81,0,0,0,0,29,-1,1,100,0
0,46,0,0,0,0,56,1,1,100,0
0,39,0,0,0,0,49,-1,-1,100,0
0,66,0,0,0,0,8,-1,3,100,0
2,14,0,0,0,0,14,1,3,100,0
0,6,0,0,0,0,42,-1,1,100,0
2,16,0,0,0,0,0,-7,1,100,0
0,32,0,0,0,0,20,-3,1,100,0
0,19,0,0,0,0,1,-3,-1,100,0
2,20,0,0,0,0,6,-1,-1,100,0
2,70,0,0,0,0,15,-11,-1,100,0
2,18,0,0,0,0,25,-5,1,100,0
2,37,0,0,0,0,16,-5,-1,100,0
2,9,0,0,0,0,24,-3,1,100,0
2,20,0,0,0,0,9,-5,3,100,0
2,31,0,0,0,0,40,-3,3,100,0
2,78,0,0,0,0,12,-7,5,100,0
2,26,0,0,0,0,3,-3,3,100,0
2,31,0,0,0,0,4,-5,1,100,0
2,84,0,0,0,0,1,-1,5,100,0
0,46,0,0,0,0,6,-3,1,100,0
2,61,0,0,0,0,22,-3,5,100,0
2,42,0,0,0,0,13,-3,1,100,0
2,0,0,0,0,0,12,1,3,100,0
2,44,0,0,0,0,5,-5,3,100,0
2,23,0,0,0,0,17,-3,3,100,0
2,17,0,0,0,0,5,-3,3,100,0
2,106,0,0,0,0,22,-3,3,100,0
2,78,0,0,0,0,1,-3,3,100,0
2,22,0,0,0,0,3,-7,3,100,0
2,31,0,0,0,0,23,-5,-1,100,0
2,6,0,0,0,0,13,-9,-1,100,0
2,44,0,0,0,0,0,-3,-3,100,0
2,42,0,0,0,0,3,-1,-3,100,0
2,2,0,0,0,0,4,-3,-3,100,0
0,15,0,0,0,0,2,-1,1,100,0
0,109,0,0,0,0,0,-1,1,100,0
0,22,0,0,0,0,6,1,1,100,0
0,18,0,0,0,0,11,1,-1,100,0
0,10,0,0,0,0,19,1,-1,100,0
0,3,0,0,0,0,19,-3,-1,100,0
2,7,0,0,0,0,30,-3,-1,100,0
0,41,0,0,0,0,1,-3,-1,100,0
2,59,0,0,0,0,5,-1,1,100,0
2,17,0,0,0,0,50,-7,1,100,0
2,5,0,0,0,0,36,-3,1,100,0
2,20,0,0,0,0,13,-5,-3,100,0
2,38,0,0,0,0,35,-3,1,100,0
2,48,0,0,0,0,24,-7,-1,100,0
2,6,0,0,0,0,17,-3,1,100,0
2,11,0,0,0,0,10,-3,1,100,0
2,13,0,0,0,0,27,-1,1,100,0
2,1,0,0,0,0,3,-7,-1,100,0
2,61,0,0,0,0,34,-3,1,100,0
2,144,0,0,0,0,21,-11,1,100,0
2,94,0,0,0,0,0,-5,1,100,0
2,29,0,0,0,0,22,-11,1,100,0
2,15,0,0,0,0,24,-5,1,100,0
2,35,0,0,0,0,7,-9,-1,100,0
2,18,0,0,0,0,33,-7,3,100,0
2,10,0,0,0,0,26,-9,1,100,0
2,30,0,0,0,0,58,-13,7,100,0
2,59,0,0,0,0,100,-9,3,100,0
2,130,0,0,0,0,74,-13,7,100,0
2,53,0,0,0,0,1,-9,3,100,0
2,1,0,0,0,0,33,-5,3,100,0
2,17,0,0,0,0,73,-11,5,100,0
2,41,0,0,0,0,26,-5,3,100,0
2,32,0,0,0,0,12,-5,1,100,0
2,22,0,0,0,0,15,-7,3,100,0
2,19,0,0,0,0,40,-5,1,100,0
2,22,0,0,0,0,31,-3,1,100,0
0,14,0,0,0,0,43,-3,-1,100,0
2,93,0,0,0,0,37,-3,1,100,0
0,22,0,0,0,0,19,-1,-1,100,0
2,63,0,0,0,0,48,1,-3,100,0
2,13,0,0,0,0,35,-1,-1,100,0
2,46,0,0,0,0,42,-3,-1,100,0
2,20,0,0,0,0,0,-3,-3,100,0
2,34,0,0,0,0,3,-1,-3,100,0
2,20,0,0,0,0,11,-3,-3,100,0
2,4,0,0,0,0,30,-1,-1,100,0
2,57,0,0,0,0,8,-3,-3,100,0
2,53,0,0,0,0,35,-3,1,100,0
2,10,0,0,0,0,21,-1,-1,100,0
2,6,0,0,0,0,15,-3,1,100,0
2,7,0,0,0,0,4,-7,1,100,0
2,24,0,0,0,0,135,-5,1,100,0
2,43,0,0,0,0,47,-17,1,100,0
2,5,0,0,0,0,4,-9,1,100,0
2,61,0,0,0,0,46,-17,1,100,0
2,7,0,0,0,0,2,-11,3,100,0
2,70,0,0,0,0,102,-13,1,100,0
2,61,0,0,0,0,46,-11,1,100,0
2,4,0,0,0,0,20,-5,-1,100,0
2,110,0,0,0,0,33,-1,-1,100,0
2,58,0,0,0,0,66,-7,-5,100,0
2,33,0,0,0,0,53,-5,-1,100,0
2,29,0,0,0,0,0,-9,-1,100,0
2,0,0,0,0,0,24,-3,1,100,0
2,82,0,0,0,0,52,-3,5,100,0
2,77,0,0,0,0,30,-5,5,100,0
2,10,0,0,0,0,54,-5,3,100,0
2,13,0,0,0,0,40,-5,7,100,0
2,52,0,0,0,0,1,-5,1,100,0
2,85,0,0,0,0,16,-11,-1,100,0
2,27,0,0,0,0,17,-11,-1,100,0
2,21,0,0,0,0,58,-15,-1,100,0
2,52,0,0,0,0,0,-9,-1,100,0
2,9,0,0,0,0,3,-9,-1,100,0
2,36,0,0,0,0,20,-9,-1,100,0
2,5,0,0,0,0,8,-19,-3,100,0
2,73,0,0,0,0,22,-13,-3,100,0
2,21,0,0,0,0,84,-3,47,100,0
2,33,0,0,0,0,35,-3,41,100,0
2,17,0,0,0,0,99,17,41,100,0
2,29,0,0,0,0,426,15,37,100,0
0,74,0,0,0,0,764,13,35,100,0
0,24,0,0,0,0,55,11,33,100,0
0,50,0,0,0,0,56,13,35,100,0
0,37,0,0,0,0,61,7,35,100,0
0,42,0,0,0,0,2,0,0,0,0
0,133,0,0,0,0,29,0,0,0,0
0,92,0,0,0,0,29,0,0,0,0
0,58,0,0,0,0,57,0,0,0,0
0,33,0,0,0,0,42,0,0,0,0
0,8,0,0,0,0,48,0,0,0,0
0,11,0,0,0,0,12,0,0,0,0
0,12,0,0,0,0,98,0,0,0,0
0,38,0,0,0,0,89,0,0,0,0
0,25,0,0,0,0,1,0,0,0,0
0,42,0,0,0,0,51,0,0,0,0
0,55,0,0,0,0,0,0,0,0,0
0,28,0,0,0,0,26,0,0,0,0
0,59,0,0,0,0,29,0,0,0,0
0,86,0,0,0,0,18,0,0,0,0
0,19,0,0,0,0,28,0,0,0,0
0,64,0,0,0,0,2,0,0,0,0
0,43,0,0,0,0,54,0,0,0,0
0,52,0,0,0,0,44,0,0,0,0
0,58,0,0,0,0,22,0,0,0,0
0,0,0,0,0,0,41,0,0,0,0
0,3,0,0,0,0,47,0,0,0,0
0,81,0,0,0,0,59,0,0,0,0
0,83,0,0,0,0,73,0,0,0,0
0,8,0,0,0,0,53,0,0,0,0
0,19,0,0,0,0,32,0,0,0,0
0,4,0,0,0,0,58,0,0,0,0
0,46,0,0,0,0,3,0,0,0,0
0,91,0,0,0,0,8,0,0,0,0
0,26,0,0,0,0,42,0,0,0,0
0,21,0,0,0,0,30,0,0,0,0
0,18,0,0,0,0,67,0,0,0,0
0,92,0,0,0,0,36,0,0,0,0
0,119,0,0,0,0,30,0,0,0,0
0,17,0,0,0,0,13,0,0,0,0
0,13,0,0,0,0,24,0,0,0,0
0,24,0,0,0,0,41,0,0,0,0
0,22,0,0,0,0,55,0,0,0,0
0,12,0,0,0,0,5,0,0,0,0
0,17,0,0,0,0,37,0,0,0,0
0,60,0,0,0,0,41,0,0,0,0
0,89,0,0,0,0,27,0,0,0,0
0,34,0,0,0,0,34,0,0,0,0
0,41,0,0,0,0,65,0,0,0,0
0,17,0,0,0,0,26,0,0,0,0
0,37,0,0,0,0,132,0,0,0,0
0,46,0,0,0,0,32,0,0,0,0
0,21,0,0,0,0,62,0,0,0,0
0,17,0,0,0,0,69,0,0,0,0
0,0,0,0,0,0,0,0,0,0,0
0,38,0,0,0,0,5,0,0,0,0
0,25,0,0,0,0,32,0,0,0,0
0,0,0,0,0,0,53,0,0,0,0
0,9,0,0,0,0,16,0,0,0,0
0,11,0,0,0,0,116,0,0,0,0
0,23,0,0,0,0,111,0,0,0,0
0,1,0,0,0,0,70,0,0,0,0
0,24,0,0,0,0,77,0,0,0,0
0,0,0,0,0,0,28,0,0,0,0
0,10,0,0,0,0,52,0,0,0,0
0,1,0,0,0,0,71,0,0,0,0
0,2,0,0,0,0,130,0,0,0,0
0,17,0,0,0,0,125,0,0,0,0
0,23,0,0,0,0,37,0,0,0,0
0,32,0,0,0,0,12,0,0,0,0
0,29,0,0,0,0,36,0,0,0,0
0,25,0,0,0,0,41,0,0,0,0
0,37,0,0,0,0,27,0,0,0,0
0,1,0,0,0,0,64,0,0,0,0
0,1,0,0,0,0,61,0,0,0,0
0,14,0,0,0,0,51,0,0,0,0
0,10,0,0,0,0,12,0,0,0,0
0,3,0,0,0,0,7,0,0,0,0
0,10,0,0,0,0,43,0,0,0,0
0,2,0,0,0,0,12,0,0,0,0
0,41,0,0,0,0,83,0,0,0,0
0,13,0,0,0,0,27,0,0,0,0
0,33,0,0,0,0,34,0,0,0,0
0,29,0,0,0,0,21,0,0,0,0
0,17,0,0,0,0,26,0,0,0,0
0,18,0,0,0,0,50,0,0,0,0
0,36,0,0,0,0,16,0,0,0,0
0,31,0,0,0,0,10,0,0,0,0
0,9,0,0,0,0,23,0,0,0,0
0,2,0,0,0,0,32,0,0,0,0
0,32,0,0,0,0,3,0,0,0,0
0,6,0,0,0,0,1,0,0,0,0
0,10,0,0,0,0,41,0,0,0,0
0,18,0,0,0,0,5,0,0,0,0
0,8,0,0,0,0,26,0,0,0,0
0,16,0,0,0,0,50,0,0,0,0
0,14,0,0,0,0,51,0,0,0,0
0,23,0,0,0,0,9,0,0,0,0
0,6,0,0,0,0,84,0,0,0,0
0,24,0,0,0,0,102,0,0,0,0
0,8,0,0,0,0,21,0,0,0,0
0,4,0,0,0,0,61,0,0,0,0
0,9,0,0,0,0,21,0,0,0,0
0,11,0,0,0,0,30,0,0,0,0
0,10,0,0,0,0,49,0,0,0,0
0,18,0,0,0,0,5,0,0,0,0
0,4,0,0,0,0,6,0,0,0,0
0,35,0,0,0,0,29,0,0,0,0
0,11,0,0,0,0,42,0,0,0,0
0,20,0,0,0,0,67,0,0,0,0
0,10,0,0,0,0,38,0,0,0,0
0,14,0,0,0,0,23,0,0,0,0
0,4,0,0,0,0,0,0,0,0,0
0,3,0,0,0,0,8,0,0,0,0
0,42,0,0,0,0,4,0,0,0,0
0,13,0,0,0,0,55,0,0,0,0
0,1173,0,0,0,0,35,0,0,0,0
1,117,0,0,0,0,18,0,0,0,0
1,37,0,0,0,0,4,0,0,0,0
1,31,0,0,0,0,54,0,0,0,0
1,44,0,0,0,0,83,0,0,0,0
1,67,0,0,0,0,79,0,0,0,0
1,32,0,0,0,0,0,0,0,0,0
1,37,0,0,0,0,16,0,0,0,0
1,23,0,0,0,0,10,0,0,0,0
1,16,0,0,0,0,21,0,0,0,0
1,17,0,0,0,0,80,0,0,0,0
1,69,0,0,0,0,49,0,0,0,0
1,17,0,0,0,0,0,0,0,0,0
1,26,0,0,0,0,11,0,0,0,0
1,16,0,0,0,0,2,0,0,0,0
1,28,0,0,0,0,1,0,0,0,0
1,3,0,0,0,0,1,0,0,0,0
1,6,0,0,0,100,10,0,0,0,0
1,12,-8,1,0,100,26,0,0,0,0
1,11,-6,-1,0,100,46,0,0,0,0
1,38,-12,1,0,100,27,0,0,0,0
1,8,-10,1,0,100,11,0,0,0,0
1,40,-16,1,0,100,2,0,0,0,0
1,108,-12,1,0,100,92,0,0,0,0
1,14,-10,1,0,100,58,0,0,0,0
1,18,-20,1,0,100,15,0,0,0,0
1,8,-12,1,0,100,12,0,0,0,0
1,11,-22,-1,0,100,28,0,0,0,0
1,48,-14,3,0,100,37,0,0,0,0
1,38,-22,-1,0,100,18,0,0,0,0
1,95,-14,3,0,100,26,0,0,0,0
1,154,-20,-1,0,100,16,0,0,0,0
1,15,-10,3,0,100,13,0,0,0,0
1,60,-12,1,0,100,16,0,0,0,0
1,41,-10,1,0,100,65,0,0,0,0
1,59,-16,-1,0,100,84,0,0,0,0
1,28,-10,1,0,100,20,0,0,0,0
1,7,-16,-1,0,100,3,0,0,0,0
1,30,-10,1,0,100,37,0,0,0,0
1,44,-16,1,0,100,26,0,0,0,0
1,46,-10,1,0,100,14,0,0,0,0
1,19,-10,1,0,100,4,0,0,0,0
1,36,-18,-1,0,100,36,0,0,0,0
1,33,-12,-1,10,100,8,0,0,0,0
1,108,-16,-1,26,100,46,0,0,0,0
1,20,-12,-1,38,100,60,0,0,0,0
1,76,-10,-1,48,100,18,0,0,0,0
1,87,-22,-1,50,100,14,0,0,0,0
1,5,-10,-1,50,100,7,0,0,0,0
1,9,-10,-3,50,100,0,0,0,0,0
1,21,-8,-7,50,100,60,0,0,0,0
1,27,0,-5,50,100,26,0,0,0,0
1,22,0,-5,50,100,17,0,0,0,0
1,2,0,-5,50,100,30,0,0,0,0
1,57,-6,-3,50,100,6,0,0,0,0
1,4,-4,-1,50,100,0,0,0,0,0
1,37,-20,-1,50,100,11,0,0,0,0
1,4,-12,1,50,100,25,0,0,0,0
1,53,-10,3,50,100,55,0,0,0,0
1,29,-20,3,50,100,13,0,0,0,0
1,24,-12,3,50,100,26,0,0,0,0
1,14,-12,-1,50,100,18,0,0,0,0
1,85,-22,1,50,100,6,0,0,0,0
1,27,-14,1,50,100,11,0,0,0,0
1,114,28,37,50,100,32,0,0,0,0
1,38,30,37,50,100,0,0,0,0,0
1,3,24,33,50,100,54,0,0,0,0
1,41,20,29,50,100,60,0,0,0,0
1,167,22,25,50,100,85,0,0,0,0
0,827,24,21,50,100,68,0,0,0,0
0,0,18,17,50,100,66,0,0,0,0
0,12,12,13,50,100,69,0,0,0,0
0,17,10,11,42,100,112,0,0,0,0
0,26,8,9,34,100,63,0,0,0,0
0,0,8,9,26,100,14,0,0,0,0
0,4,6,7,20,100,21,0,0,0,0
0,12,4,5,16,100,14,0,0,0,0
0,3,4,5,12,100,43,0,0,0,0
0,39,4,5,8,100,92,0,0,0,0
0,34,4,3,4,100,73,0,0,0,0
0,18,2,3,2,100,833,0,0,0,0
2,5,4,3,0,100,207,0,0,0,0
2,32,4,3,0,100,30,0,0,0,0
2,24,4,3,0,100,48,0,0,0,0
2,7,4,3,0,100,22,0,0,0,0
2,14,2,1,0,100,18,0,0,0,0
2,14,2,1,0,100,52,0,0,0,0
2,28,2,1,0,100,45,0,0,0,0
2,17,0,1,0,100,45,0,0,0,0
2,15,0,1,0,100,48,0,0,0,0
2,12,0,1,0,100,24,0,0,0,0
2,4,2,1,0,100,47,0,0,0,0
2,4,0,1,0,100,9,0,0,0,0
2,8,2,1,0,100,27,0,0,0,0
2,29,0,1,0,100,41,0,0,0,0
2,32,0,1,0,100,36,0,0,0,0
2,20,2,1,0,100,22,0,0,0,0
2,11,2,1,0,100,14,0,0,0,0
2,8,0,1,0,100,23,0,0,0,0
2,3,2,1,0,100,83,0,0,0,0
2,36,0,1,0,100,6,0,0,0,0
2,27,2,1,0,100,38,0,0,100,0
2,59,0,1,0,100,13,-6,0,100,0
2,19,0,1,0,100,18,-10,-2,100,0
2,6,0,1,0,100,41,-8,0,100,0
2,7,0,-1,0,100,29,6,-2,100,0
2,14,0,-1,0,100,97,2,-4,100,0
2,4,0,-1,0,100,78,0,-2,100,0
2,1,0,1,0,100,1,0,-2,100,0
2,24,0,1,0,100,13,2,-2,100,0
2,16,0,1,0,100,39,-2,0,100,0
2,9,0,-1,0,100,0,-6,-2,100,0
2,0,0,1,0,100,14,4,-4,100,0
2,43,0,-1,0,100,21,0,-4,100,0
2,58,0,1,0,100,55,-6,-2,100,0
2,59,0,-1,0,100,16,-4,0,100,0
2,16,0,1,0,100,5,0,2,100,0
2,16,0,-1,0,100,18,4,4,100,0
2,14,0,1,0,100,11,20,2,100,0
2,41,0,1,0,100,9,8,4,100,0
2,7,0,-1,0,100,6,14,8,100,0
2,22,0,-1,0,100,12,12,4,100,0
2,4,0,1,0,100,43,4,8,100,0
2,26,0,-1,0,100,13,-4,6,100,0
2,13,0,1,0,100,6,-2,4,100,0
2,43,0,-1,0,100,8,-6,4,100,0
2,24,0,1,0,100,39,-4,4,100,0
2,0,0,1,0,100,49,-4,2,100,0
2,30,0,-1,0,100,57,-8,0,100,0
2,4,0,-1,0,100,99,-6,0,100,0
2,2,0,1,0,100,20,-6,-2,100,0
2,64,0,-1,0,100,13,-2,-2,100,0
2,4,0,1,0,100,14,-4,0,100,0
2,5,0,-1,0,100,51,-2,0,100,0
2,52,0,1,0,100,14,-4,0,100,0
2,7,0,-1,0,100,4,-4,2,100,0
2,0,0,1,0,100,10,-2,2,100,0
2,4,0,-1,0,100,10,-8,2,100,0
2,30,0,1,0,100,13,-4,4,100,0
2,19,0,-1,0,100,32,-8,4,100,0
2,19,0,1,0,100,67,-4,2,100,0
2,9,0,-1,0,100,66,-4,2,100,0
2,15,0,-1,0,100,2,-8,2,100,0
2,17,0,1,0,100,8,-6,0,100,0
2,16,0,1,0,100,5,-6,0,100,0
2,7,-2,-1,0,100,27,-6,-2,100,0
2,36,0,-1,0,100,32,-6,-2,100,0
2,78,0,1,0,100,25,-4,-2,100,0
2,27,0,1,0,100,9,-10,0,100,0
2,20,0,-1,0,100,19,-2,0,100,0
2,17,0,1,0,100,36,-8,2,100,0
2,19,0,-1,0,100,12,-6,0,100,0
2,54,0,-1,0,100,31,-8,2,100,0
2,18,0,-1,0,100,18,-6,2,100,0
2,74,0,1,0,100,44,-10,2,100,0
2,8,0,-1,0,100,4,-2,0,100,0
2,7,0,1,0,100,69,-12,0,100,0
2,38,0,-1,0,100,35,-6,0,100,0
2,21,0,1,0,100,0,-4,0,100,0
2,5,0,1,0,100,19,-8,0,100,0
2,35,0,1,0,100,28,-4,0,100,0
2,4,0,-1,0,100,32,-10,0,100,0
2,6,0,1,0,100,16,-8,0,100,0
2,24,0,-1,0,100,52,-12,0,100,0
2,27,0,1,0,100,4,-6,2,100,0
2,2,0,-1,0,100,24,-6,2,100,0
2,26,-2,-1,0,100,74,-18,2,100,0
2,26,0,-1,0,100,31,-6,2,100,0
2,8,-2,-1,0,100,19,-10,2,100,0
2,14,0,-1,0,100,20,-12,2,100,0
2,20,0,1,0,100,35,-6,0,100,0
2,7,0,-1,0,100,54,-18,2,100,0
2,3,0,-1,0,100,5,-8,2,100,0
2,23,0,-1,0,100,4,-16,2,100,0
2,5,-2,-1,0,100,26,-8,2,100,0
2,11,0,1,0,100,7,-8,2,100,0
2,12,0,1,0,100,43,-20,0,100,0
2,2,0,-1,0,100,33,-8,2,100,0
2,33,0,1,0,100,42,-18,4,100,0
2,27,0,-1,0,100,29,-12,2,100,0
2,80,0,1,0,100,4,-8,2,100,0
2,44,0,-1,0,100,43,-16,6,100,0
2,37,0,1,0,100,51,-12,4,100,0
2,17,0,1,0,100,88,-26,4,100,0
2,3,0,-1,0,100,25,-12,4,100,0
2,0,0,-1,0,100,53,-14,2,100,0
2,6,0,1,0,100,148,-30,2,100,0
2,28,0,-1,0,100,4,-14,2,100,0
2,36,0,1,0,100,34,-28,6,100,0
2,16,0,-1,0,100,50,-4,34,100,0
2,17,0,1,0,100,98,12,44,100,0
2,19,0,1,0,100,64,-8,42,100,0
2,31,0,-1,0,100,39,-4,38,100,0
2,18,0,-1,0,100,54,0,36,100,0
2,7,0,1,0,100,1193,12,36,100,0
0,61,0,-1,0,100,1,8,32,100,0
0,11,0,1,0,100,45,8,34,100,0
0,7,0,-1,0,100,82,8,34,100,0
0,15,0,1,0,100,29,0,0,0,0
0,4,0,-1,0,100,42,0,0,0,0
0,27,0,1,0,100,57,0,0,0,0
0,23,0,-1,0,100,39,0,0,0,0
0,5,0,1,0,100,65,0,0,0,0
0,17,-2,-1,0,100,17,0,0,0,0
0,13,0,1,0,100,39,0,0,0,0
0,20,0,-1,0,100,11,0,0,0,0
0,36,0,-1,0,100,6,0,0,0,0
0,13,0,-1,0,100,22,0,0,0,0
0,37,0,1,0,100,19,0,0,0,0
0,35,0,-1,0,100,91,0,0,0,0
0,10,0,1,0,100,18,0,0,0,0
0,4,0,-1,0,100,13,0,0,0,0
0,12,0,1,0,100,17,0,0,0,0
0,15,0,-1,0,100,6,0,0,0,0
0,6,2,1,0,100,36,0,0,0,0
0,28,0,1,0,100,79,0,0,0,0
0,4,2,1,0,100,31,0,0,0,0
0,29,0,-1,0,100,4,0,0,0,0
0,5,0,1,0,100,58,0,0,0,0
0,7,0,-1,0,100,96,0,0,0,0
0,34,0,1,0,100,30,0,0,0,0
0,16,0,-1,0,100,1,0,0,0,0
0,19,0,1,0,100,10,0,0,0,0
0,13,0,1,0,100,0,0,0,0,0
0,3,0,-1,0,100,44,0,0,0,0
0,2,0,-1,0,100,30,0,0,0,0
0,31,-2,1,0,100,25,0,0,0,0
0,41,-2,-1,0,100,76,0,0,0,0
0,59,0,1,0,100,2,0,0,0,0
0,1,0,-1,0,100,29,0,0,0,0
0,76,0,1,0,100,9,0,0,0,0
0,52,0,-1,0,100,77,0,0,0,0
0,20,0,-1,0,100,28,0,0,0,0
0,3,0,1,0,100,19,0,0,0,0
0,2,0,1,0,100,10,0,0,0,0
0,11,0,-1,0,100,42,0,0,0,0
0,15,0,1,0,100,43,0,0,0,0
0,0,2,1,0,100,4,0,0,0,0
0,100,0,1,0,100,74,0,0,0,0
0,19,0,-1,0,100,72,0,0,0,0
0,36,-2,-1,0,100,43,0,0,0,0
0,1,0,-1,0,100,30,0,0,0,0
0,9,0,1,0,100,79,0,0,0,0
0,2,0,-1,0,100,11,0,0,0,0
0,17,0,1,0,100,23,0,0,0,0
0,0,0,0,0,0,0,0,0,0,0
0,38,0,0,0,0,5,0,0,0,0
0,25,0,0,0,0,32,0,0,0,0
0,0,0,0,0,0,53,0,0,0,0
0,9,0,0,0,0,16,0,0,0,0
0,11,0,0,0,0,116,0,0,0,0
0,23,0,0,0,0,111,0,0,0,0
0,1,0,0,0,0,70,0,0,0,0
0,24,0,0,0,0,77,0,0,0,0
0,0,0,0,0,0,28,0,0,0,0
0,10,0,0,0,0,52,0,0,0,0
0,1,0,0,0,0,71,0,0,0,0
0,2,0,0,0,0,130,0,0,0,0
0,17,0,0,0,0,125,0,0,0,0
0,23,0,0,0,0,37,0,0,0,0
0,32,0,0,0,0,12,0,0,0,0
0,29,0,0,0,0,36,0,0,0,0
0,25,0,0,0,0,41,0,0,0,0
0,37,0,0,0,0,27,0,0,0,0
0,1,0,0,0,0,64,0,0,0,0
0,1,0,0,0,0,61,0,0,0,0
0,14,0,0,0,0,51,0,0,0,0
0,10,0,0,0,0,12,0,0,0,0
0,3,0,0,0,0,7,0,0,0,0
0,10,0,0,0,0,43,0,0,0,0
0,2,0,0,0,0,12,0,0,0,0
0,41,0,0,0,0,83,0,0,0,0
0,13,0,0,0,0,27,0,0,0,0
0,33,0,0,0,0,34,0,0,0,0
0,29,0,0,0,0,21,0,0,0,0
0,17,0,0,0,0,26,0,0,0,0
0,18,0,0,0,0,50,0,0,0,0
0,36,0,0,0,0,16,0,0,0,0
0,31,0,0,0,0,10,0,0,0,0
0,9,0,0,0,0,23,0,0,0,0
0,2,0,0,0,0,32,0,0,0,0
0,32,0,0,0,0,3,0,0,0,0
0,6,0,0,0,0,1,0,0,0,0
0,10,0,0,0,0,41,0,0,0,0
0,18,0,0,0,0,5,0,0,0,0
0,8,0,0,0,0,26,0,0,0,0
0,16,0,0,0,0,50,0,0,0,0
0,14,0,0,0,0,51,0,0,0,0
0,23,0,0,0,0,9,0,0,0,0
0,6,0,0,0,0,84,0,0,0,0
0,24,0,0,0,0,102,0,0,0,0
0,8,0,0,0,0,21,0,0,0,0
0,4,0,0,0,0,61,0,0,0,0
0,9,0,0,0,0,21,0,0,0,0
0,11,0,0,0,0,30,0,0,0,0
0,10,0,0,0,0,49,0,0,0,0
0,18,0,0,0,0,5,0,0,0,0
0,4,0,0,0,0,6,0,0,0,0
0,35,0,0,0,0,29,0,0,0,0
0,11,0,0,0,0,42,0,0,0,0
0,20,0,0,0,0,67,0,0,0,0
0,10,0,0,0,0,38,0,0,0,0
0,14,0,0,0,0,23,0,0,0,0
0,4,0,0,0,0,0,0,0,0,0
0,3,0,0,0,0,8,0,0,0,0
0,42,0,0,0,0,4,0,0,0,0
0,13,0,0,0,0,55,0,0,0,0
0,1173,0,0,0,0,35,0,0,0,0
1,117,0,0,0,0,18,0,0,0,0
1,37,0,0,0,0,4,0,0,0,0
1,31,0,0,0,0,54,0,0,0,0
1,44,0,0,0,0,83,0,0,0,0
1,67,0,0,0,0,79,0,0,0,0
1,32,0,0,0,0,0,0,0,0,0
1,37,0,0,0,0,16,0,0,0,0
1,23,0,0,0,0,10,0,0,0,0
1,16,0,0,0,0,21,0,0,0,0
1,17,0,0,0,0,80,0,0,0,0
1,69,0,0,0,0,49,0,0,0,0
1,17,0,0,0,0,0,0,0,0,0
1,26,0,0,0,0,11,0,0,0,0
1,16,0,0,0,0,2,0,0,0,0
1,28,0,0,0,0,1,0,0,0,0
1,3,0,0,0,0,1,0,0,0,0
1,6,0,0,0,100,10,0,0,0,0
1,12,-8,1,0,100,26,0,0,0,0
1,11,-6,-1,0,100,46,0,0,0,0
1,38,-12,1,0,100,27,0,0,0,0
1,8,-10,1,0,100,11,0,0,0,0
1,40,-16,1,0,100,2,0,0,0,0
1,108,-12,1,0,100,92,0,0,0,0
1,14,-10,1,0,100,58,0,0,0,0
1,18,-20,1,0,100,15,0,0,0,0
1,8,-12,1,0,100,12,0,0,0,0
1,11,-22,-1,0,100,28,0,0,0,0
1,48,-14,3,0,100,37,0,0,0,0
1,38,-22,-1,0,100,18,0,0,0,0
1,95,-14,3,0,100,26,0,0,0,0
1,154,-20,-1,0,100,16,0,0,0,0
1,15,-10,3,0,100,13,0,0,0,0
1,60,-12,1,0,100,16,0,0,0,0
1,41,-10,1,0,100,65,0,0,0,0
1,59,-16,-1,0,100,84,0,0,0,0
1,28,-10,1,0,100,20,0,0,0,0
1,7,-16,-1,0,100,3,0,0,0,0
1,30,-10,1,0,100,37,0,0,0,0
1,44,-16,1,0,100,26,0,0,0,0
1,46,-10,1,0,100,14,0,0,0,0
1,19,-10,1,0,100,4,0,0,0,0
1,36,-18,-1,0,100,36,0,0,0,0
1,33,-12,-1,10,100,8,0,0,0,0
1,108,-16,-1,26,100,46,0,0,0,0
1,20,-12,-1,38,100,60,0,0,0,0
1,76,-10,-1,48,100,18,0,0,0,0
1,87,-22,-1,50,100,14,0,0,0,0
1,5,-10,-1,50,100,7,0,0,0,0
1,9,-10,-3,50,100,0,0,0,0,0
1,21,-8,-7,50,100,60,0,0,0,0
1,27,0,-5,50,100,26,0,0,0,0
1,22,0,-5,50,100,17,0,0,0,0
1,2,0,-5,50,100,30,0,0,0,0
1,57,-6,-3,50,100,6,0,0,0,0
1,4,-4,-1,50,100,0,0,0,0,0
1,37,-20,-1,50,100,11,0,0,0,0
1,4,-12,1,50,100,25,0,0,0,0
1,53,-10,3,50,100,55,0,0,0,0
1,29,-20,3,50,100,13,0,0,0,0
1,24,-12,3,50,100,26,0,0,0,0
1,14,-12,-1,50,100,18,0,0,0,0
1,85,-22,1,50,100,6,0,0,0,0
1,27,-14,1,50,100,11,0,0,0,0
1,114,28,37,50,100,32,0,0,0,0
1,38,30,37,50,100,0,0,0,0,0
1,3,24,33,50,100,54,0,0,0,0
1,41,20,29,50,100,60,0,0,0,0
1,167,22,25,50,100,85,0,0,0,0
0,827,24,21,50,100,68,0,0,0,0
0,0,18,17,50,100,66,0,0,0,0
0,12,12,13,50,100,69,0,0,0,0
0,17,10,11,42,100,112,0,0,0,0
0,26,8,9,34,100,63,0,0,0,0
0,0,8,9,26,100,14,0,0,0,0
0,4,6,7,20,100,21,0,0,0,0
0,12,4,5,16,100,14,0,0,0,0
0,3,4,5,12,100,43,0,0,0,0
0,39,4,5,8,100,92,0,0,0,0
0,34,4,3,4,100,73,0,0,0,0
0,18,2,3,2,100,833,0,0,0,0
2,5,4,3,0,100,207,0,0,0,0
2,32,4,3,0,100,30,0,0,0,0
2,24,4,3,0,100,48,0,0,0,0
2,7,4,3,0,100,22,0,0,0,0
2,14,2,1,0,100,18,0,0,0,0
2,14,2,1,0,100,52,0,0,0,0
2,28,2,1,0,100,45,0,0,0,0
2,17,0,1,0,100,45,0,0,0,0
2,15,0,1,0,100,48,0,0,0,0
2,12,0,1,0,100,24,0,0,0,0
2,4,2,1,0,100,47,0,0,0,0
2,4,0,1,0,100,9,0,0,0,0
2,8,2,1,0,100,27,0,0,0,0
2,29,0,1,0,100,41,0,0,0,0
2,32,0,1,0,100,36,0,0,0,0
2,20,2,1,0,100,22,0,0,0,0
2,11,2,1,0,100,14,0,0,0,0
2,8,0,1,0,100,23,0,0,0,0
2,3,2,1,0,100,83,0,0,0,0
2,36,0,1,0,100,6,0,0,0,0
2,27,2,1,0,100,38,0,0,100,0
2,59,0,1,0,100,13,-6,0,100,0
2,19,0,1,0,100,18,-10,-2,100,0
2,6,0,1,0,100,41,-8,0,100,0
2,7,0,-1,0,100,29,6,-2,100,0
2,14,0,-1,0,100,97,2,-4,100,0
2,4,0,-1,0,100,78,0,-2,100,0
2,1,0,1,0,100,1,0,-2,100,0
2,24,0,1,0,100,13,2,-2,100,0
2,16,0,1,0,100,39,-2,0,100,0
2,9,0,-1,0,100,0,-6,-2,100,0
2,0,0,1,0,100,14,4,-4,100,0
2,43,0,-1,0,100,21,0,-4,100,0
2,58,0,1,0,100,55,-6,-2,100,0
2,59,0,-1,0,100,16,-4,0,100,0
2,16,0,1,0,100,5,0,2,100,0
2,16,0,-1,0,100,18,4,4,100,0
2,14,0,1,0,100,11,20,2,100,0
2,41,0,1,0,100,9,8,4,100,0
2,7,0,-1,0,100,6,14,8,100,0
2,22,0,-1,0,100,12,12,4,100,0
2,4,0,1,0,100,43,4,8,100,0
2,26,0,-1,0,100,13,-4,6,100,0
2,13,0,1,0,100,6,-2,4,100,0
2,43,0,-1,0,100,8,-6,4,100,0
2,24,0,1,0,100,39,-4,4,100,0
2,0,0,1,0,100,49,-4,2,100,0
2,30,0,-1,0,100,57,-8,0,100,0
2,4,0,-1,0,100,99,-6,0,100,0
2,2,0,1,0,100,20,-6,-2,100,0
2,64,0,-1,0,100,13,-2,-2,100,0
2,4,0,1,0,100,14,-4,0,100,0
2,5,0,-1,0,100,51,-2,0,100,0
2,52,0,1,0,100,14,-4,0,100,0
2,7,0,-1,0,100,4,-4,2,100,0
2,0,0,1,0,100,10,-2,2,100,0
2,4,0,-1,0,100,10,-8,2,100,0
2,30,0,1,0,100,13,-4,4,100,0
2,19,0,-1,0,100,32,-8,4,100,0
2,19,0,1,0,100,67,-4,2,100,0
2,9,0,-1,0,100,66,-4,2,100,0
2,15,0,-1,0,100,2,-8,2,100,0
2,17,0,1,0,100,8,-6,0,100,0
2,16,0,1,0,100,5,-6,0,100,0
2,7,-2,-1,0,100,27,-6,-2,100,0
2,36,0,-1,0,100,32,-6,-2,100,0
2,78,0,1,0,100,25,-4,-2,100,0
2,27,0,1,0,100,9,-10,0,100,0
2,20,0,-1,0,100,19,-2,0,100,0
2,17,0,1,0,100,36,-8,2,100,0
2,19,0,-1,0,100,12,-6,0,100,0
2,54,0,-1,0,100,31,-8,2,100,0
2,18,0,-1,0,100,18,-6,2,100,0
2,74,0,1,0,100,44,-10,2,100,0
2,8,0,-1,0,100,4,-2,0,100,0
2,7,0,1,0,100,69,-12,0,100,0
2,38,0,-1,0,100,35,-6,0,100,0
2,21,0,1,0,100,0,-4,0,100,0
2,5,0,1,0,100,19,-8,0,100,0
2,35,0,1,0,100,28,-4,0,100,0
2,4,0,-1,0,100,32,-10,0,100,0
2,6,0,1,0,100,16,-8,0,100,0
2,24,0,-1,0,100,52,-12,0,100,0
2,27,0,1,0,100,4,-6,2,100,0
2,2,0,-1,0,100,24,-6,2,100,0
2,26,-2,-1,0,100,74,-18,2,100,0
2,26,0,-1,0,100,31,-6,2,100,0
2,8,-2,-1,0,100,19,-10,2,100,0
2,14,0,-1,0,100,20,-12,2,100,0
2,20,0,1,0,100,35,-6,0,100,0
2,7,0,-1,0,100,54,-18,2,100,0
2,3,0,-1,0,100,5,-8,2,100,0
2,23,0,-1,0,100,4,-16,2,100,0
2,5,-2,-1,0,100,26,-8,2,100,0
2,11,0,1,0,100,7,-8,2,100,0
2,12,0,1,0,100,43,-20,0,100,0
2,2,0,-1,0,100,33,-8,2,100,0
2,33,0,1,0,100,42,-18,4,100,0
2,27,0,-1,0,100,29,-12,2,100,0
2,80,0,1,0,100,4,-8,2,100,0
2,44,0,-1,0,100,43,-16,6,100,0
2,37,0,1,0,100,51,-12,4,100,0
2,17,0,1,0,100,88,-26,4,100,0
2,3,0,-1,0,100,25,-12,4,100,0
2,0,0,-1,0,100,53,-14,2,100,0
2,6,0,1,0,100,148,-30,2,100,0
2,28,0,-1,0,100,4,-14,2,100,0
2,36,0,1,0,100,34,-28,6,100,0
2,16,0,-1,0,100,50,-4,34,100,0
2,17,0,1,0,100,98,12,44,100,0
2,19,0,1,0,100,64,-8,42,100,0
2,31,0,-1,0,100,39,-4,38,100,0
2,18,0,-1,0,100,54,0,36,100,0
2,7,0,1,0,100,1193,12,36,100,0
0,61,0,-1,0,100,1,8,32,100,0
0,11,0,1,0,100,45,8,34,100,0
0,7,0,-1,0,100,82,8,34,100,0
0,15,0,1,0,100,29,0,0,0,0
0,4,0,-1,0,100,42,0,0,0,0
0,27,0,1,0,100,57,0,0,0,0
0,23,0,-1,0,100,39,0,0,0,0
0,5,0,1,0,100,65,0,0,0,0
0,17,-2,-1,0,100,17,0,0,0,0
0,13,0,1,0,100,39,0,0,0,0
0,20,0,-1,0,100,11,0,0,0,0
0,36,0,-1,0,100,6,0,0,0,0
0,13,0,-1,0,100,22,0,0,0,0
0,37,0,1,0,100,19,0,0,0,0
0,35,0,-1,0,100,91,0,0,0,0
0,10,0,1,0,100,18,0,0,0,0
0,4,0,-1,0,100,13,0,0,0,0
0,12,0,1,0,100,17,0,0,0,0
0,15,0,-1,0,100,6,0,0,0,0
0,6,2,1,0,100,36,0,0,0,0
0,28,0,1,0,100,79,0,0,0,0
0,4,2,1,0,100,31,0,0,0,0
0,29,0,-1,0,100,4,0,0,0,0
0,5,0,1,0,100,58,0,0,0,0
0,7,0,-1,0,100,96,0,0,0,0
0,34,0,1,0,100,30,0,0,0,0
0,16,0,-1,0,100,1,0,0,0,0
0,19,0,1,0,100,10,0,0,0,0
0,13,0,1,0,100,0,0,0,0,0
0,3,0,-1,0,100,44,0,0,0,0
0,2,0,-1,0,100,30,0,0,0,0
0,31,-2,1,0,100,25,0,0,0,0
0,41,-2,-1,0,100,76,0,0,0,0
0,59,0,1,0,100,2,0,0,0,0
0,1,0,-1,0,100,29,0,0,0,0
0,76,0,1,0,100,9,0,0,0,0
0,52,0,-1,0,100,77,0,0,0,0
0,20,0,-1,0,100,28,0,0,0,0
0,3,0,1,0,100,19,0,0,0,0
0,2,0,1,0,100,10,0,0,0,0
0,11,0,-1,0,100,42,0,0,0,0
0,15,0,1,0,100,43,0,0,0,0
0,0,2,1,0,100,4,0,0,0,0
0,100,0,1,0,100,74,0,0,0,0
0,19,0,-1,0,100,72,0,0,0,0
0,36,-2,-1,0,100,43,0,0,0,0
0,1,0,-1,0,100,30,0,0,0,0
0,9,0,1,0,100,79,0,0,0,0
0,2,0,-1,0,100,11,0,0,0,0
0,17,0,1,0,100,23,0,0,0,0
0,0,0,0,0,0,0,0,0,0,0
0,23,0,0,0,0,69,0,0,0,0
0,19,0,0,0,0,107,0,0,0,0
0,36,0,0,0,0,108,0,0,0,0
0,17,0,0,0,0,75,0,0,0,0
0,15,0,0,0,0,31,0,0,0,0
0,3,0,0,0,0,28,0,0,0,0
0,7,0,0,0,0,49,0,0,0,0
0,25,0,0,0,0,59,0,0,0,0
0,38,0,0,0,0,8,0,0,0,0
0,65,0,0,0,0,49,0,0,0,0
0,7,0,0,0,0,60,0,0,0,0
0,26,0,0,0,0,12,0,0,0,0
0,30,0,0,0,0,24,0,0,0,0
0,17,0,0,0,0,14,0,0,0,0
0,12,0,0,0,0,71,0,0,0,0
0,5,0,0,0,0,26,0,0,0,0
0,11,0,0,0,0,30,0,0,0,0
0,23,0,0,0,0,12,0,0,0,0
0,28,0,0,0,0,5,0,0,0,0
0,42,0,0,0,0,28,0,0,0,0
0,23,0,0,0,0,21,0,0,0,0
0,9,0,0,0,0,16,0,0,0,0
0,4,0,0,0,0,12,0,0,0,0
0,11,0,0,0,0,57,0,0,0,0
0,31,0,0,0,0,42,0,0,0,0
0,2,0,0,0,0,3,0,0,0,0
0,5,0,0,0,0,50,0,0,0,0
0,32,0,0,0,0,123,0,0,0,0
0,17,0,0,0,0,79,0,0,0,0
0,4,0,0,0,0,24,0,0,0,0
0,11,0,0,0,0,11,0,0,0,0
0,9,0,0,0,0,91,0,0,0,0
0,9,0,0,0,0,90,0,0,0,0
0,1,0,0,0,0,21,0,0,0,0
0,22,0,0,0,0,10,0,0,0,0
0,13,0,0,0,0,48,0,0,0,0
0,13,0,0,0,0,14,0,0,0,0
0,17,0,0,0,0,27,0,0,0,0
0,7,0,0,0,0,57,0,0,0,0
0,17,0,0,0,0,45,0,0,0,0
0,12,0,0,0,0,11,0,0,0,0
0,31,0,0,0,0,30,0,0,0,0
0,6,0,0,0,0,78,0,0,0,0
0,15,0,0,0,0,47,0,0,0,0
0,55,0,0,0,0,49,0,0,0,0
0,27,0,0,0,0,100,0,0,0,0
0,8,0,0,0,0,18,0,0,0,0
0,21,0,0,0,0,6,0,0,0,0
0,9,0,0,0,0,14,0,0,0,0
0,3,0,0,0,0,48,0,0,0,0
0,5,0,0,0,0,72,0,0,0,0
0,1,0,0,0,0,9,0,0,0,0
0,10,0,0,0,0,3,0,0,0,0
0,68,0,0,0,0,62,0,0,0,0
0,45,0,0,0,0,21,0,0,0,0
0,21,0,0,0,0,24,0,0,0,0
0,11,0,0,0,0,24,0,0,0,0
0,20,0,0,0,0,34,0,0,0,0
0,9,0,0,0,0,18,0,0,0,0
0,19,0,0,0,0,84,0,0,0,0
0,7,0,0,0,0,12,0,0,0,0
0,0,0,0,0,0,11,0,0,0,0
0,9,0,0,0,0,3,0,0,0,0
0,7,0,0,0,0,5,0,0,0,0
0,4,0,0,0,0,62,0,0,0,0
0,37,0,0,0,0,9,0,0,0,0
0,2,0,0,0,0,70,0,0,0,0
0,1,0,0,0,0,27,0,0,0,0
0,12,0,0,0,0,23,0,0,0,0
0,30,0,0,0,0,6,0,0,0,0
0,11,0,0,0,0,15,0,0,0,0
0,18,0,0,0,0,37,0,0,0,0
0,36,0,0,0,0,1,0,0,0,0
0,35,0,0,0,0,35,0,0,0,0
0,6,0,0,0,0,38,0,0,0,0
0,5,0,0,0,0,34,0,0,0,0
1,1404,0,0,0,0,4,0,0,0,0
1,10,0,0,0,0,3,0,0,0,0
1,13,0,0,0,0,24,0,0,0,0
1,108,0,0,0,0,18,0,0,0,0
1,45,0,0,0,0,5,0,0,0,0
1,18,0,0,0,0,1,0,0,0,0
1,38,0,0,0,0,38,0,0,0,0
1,50,0,0,0,0,1,0,0,0,0
1,25,0,0,0,0,37,0,0,0,0
1,71,0,0,0,0,30,0,0,0,0
1,10,0,0,0,0,26,0,0,0,0
1,4,0,0,0,0,4,0,0,0,0
1,49,0,0,0,100,46,0,0,0,0
1,31,-8,0,0,100,59,0,0,0,0
1,10,-14,2,0,100,80,0,0,0,0
1,25,-8,2,0,100,120,0,0,0,0
1,5,-8,0,0,100,28,0,0,0,0
1,2,-8,0,0,100,21,0,0,0,0
1,32,-12,0,0,100,21,0,0,0,0
1,22,-8,0,0,100,35,0,0,0,0
1,9,-16,2,0,100,47,0,0,0,0
1,17,-8,2,0,100,49,0,0,0,0
1,15,-14,2,0,100,16,0,0,0,0
1,26,-10,4,0,100,26,0,0,0,0
1,15,-6,2,0,100,22,0,0,0,0
1,24,-12,0,0,100,9,0,0,0,0
1,22,-6,2,0,100,6,0,0,0,0
1,36,-8,2,0,100,12,0,0,0,0
1,3,-6,0,0,100,27,0,0,0,0
1,3,-6,0,0,100,35,0,0,0,0
1,22,-8,0,0,100,7,0,0,0,0
1,0,-4,0,0,100,27,0,0,0,0
1,0,-4,0,0,100,57,0,0,0,0
1,1,-8,-4,0,100,61,0,0,0,0
1,4,-4,-2,0,100,35,0,0,0,0
1,32,-6,0,0,100,28,0,0,0,0
1,50,-4,0,0,100,36,0,0,0,0
1,6,-8,0,0,100,17,0,0,0,0
1,1,-4,0,0,100,69,0,0,0,0
1,4,-8,0,0,100,51,0,0,0,0
1,4,-2,0,0,100,23,0,0,0,0
1,4,-4,-2,0,100,15,0,0,0,0
1,16,0,-4,0,100,13,0,0,0,0
0,8,-2,0,0,100,51,0,0,0,0
1,21,-2,-2,0,100,63,0,0,0,0
0,78,2,0,0,100,10,0,0,0,0
1,83,-4,-4,0,100,42,0,0,0,0
1,14,2,-2,0,100,58,0,0,0,0
1,14,2,-4,0,100,81,0,0,0,0
1,12,-2,-4,0,100,27,0,0,0,0
0,4,0,-2,0,100,26,0,0,0,0
1,11,0,-2,0,100,3,0,0,0,0
0,4,-2,-2,0,100,7,0,0,0,0
1,0,-6,0,0,100,70,0,0,0,0
1,9,-2,-2,0,100,28,0,0,0,0
1,8,-8,-2,0,100,24,0,0,0,0
1,6,-2,2,0,100,58,0,0,0,0
1,11,-4,-2,0,100,85,0,0,0,0
1,7,-4,2,0,100,67,0,0,0,0
1,5,-6,-2,0,100,118,0,0,0,0
1,10,-6,2,0,100,41,0,0,0,0
1,9,-6,0,0,100,6,0,0,0,0
1,3,-6,0,0,100,21,0,0,0,0
1,22,-6,4,0,100,31,0,0,0,0
1,23,-6,2,0,100,8,0,0,0,0
1,8,-4,4,0,100,11,0,0,0,0
1,312,-8,4,0,100,18,0,0,0,0
1,40,-6,4,0,100,25,0,0,0,0
1,74,-8,2,0,100,19,0,0,0,0
1,30,-4,2,0,100,32,0,0,0,0
1,62,-8,2,0,100,3,0,0,0,0
1,87,-4,0,0,100,37,0,0,0,0
1,41,-4,2,0,100,24,0,0,0,0
1,48,-6,2,0,100,22,0,0,0,0
1,0,-4,0,0,100,67,0,0,0,0
1,51,-4,0,0,100,59,0,0,0,0
1,43,-8,0,0,100,39,0,0,0,0
1,28,-8,2,0,100,24,0,0,0,0
1,58,-8,0,0,100,32,0,0,0,0
1,9,-6,2,0,100,28,0,0,0,0
1,9,-8,-2,0,100,59,0,0,0,0
1,25,-4,2,0,100,60,0,0,0,0
0,42,-2,-2,0,100,129,0,0,0,0
1,16,-2,2,0,100,63,0,0,0,0
1,45,-4,-2,0,100,36,0,0,0,0
1,87,-12,2,12,100,21,0,0,0,0
1,60,-8,0,20,100,45,0,0,0,0
1,123,-6,2,26,100,4,0,0,0,0
1,58,-6,4,32,100,64,0,0,0,0
1,40,-4,2,36,100,84,0,0,0,0
1,5,-6,0,42,100,25,0,0,0,0
1,67,-4,2,46,100,39,0,0,0,0
1,15,-4,4,50,100,10,0,0,0,0
1,39,-4,2,50,100,1,0,0,0,0
1,19,-4,2,50,100,10,0,0,0,0
1,34,-4,6,50,100,2,0,0,0,0
1,18,-6,4,50,100,66,0,0,0,0
1,138,-2,10,50,100,25,0,0,0,0
1,14,-2,6,50,100,58,0,0,0,0
1,28,-2,4,50,100,80,0,0,0,0
1,0,-2,4,50,100,51,0,0,0,0
1,21,-2,6,50,100,16,0,0,0,0
1,8,-2,6,50,100,74,0,0,0,0
1,63,-2,4,50,100,65,0,0,0,0
1,18,-2,2,50,100,0,0,0,0,0
1,11,-4,2,50,100,4,0,0,0,0
1,34,-8,-2,50,100,38,0,0,0,0
1,57,-10,2,50,100,53,0,0,0,0
1,73,-16,0,50,100,8,0,0,0,0
1,17,-10,2,50,100,69,0,0,0,0
1,36,-18,4,50,100,20,0,0,0,0
1,95,-10,2,50,100,58,0,0,0,0
1,77,-20,0,50,100,4,0,0,0,0
1,48,-10,2,50,100,22,0,0,0,0
1,55,-14,10,50,100,64,0,0,0,0
1,96,-10,2,50,100,12,0,0,0,0
1,24,-4,4,50,100,76,0,0,0,0
1,905,8,50,50,100,11,0,0,0,0
0,56,6,44,50,100,13,0,0,0,0
0,16,-2,40,50,100,4,0,0,0,0
0,24,6,44,50,100,10,0,0,0,0
2,7,0,0,0,0,27,0,0,0,0
2,11,0,0,0,0,70,0,0,0,0
2,1,0,0,0,0,16,0,0,0,0
2,14,0,0,0,0,80,0,0,0,0
2,9,0,0,0,0,10,0,0,0,0
2,4,0,0,0,0,48,0,0,0,0
2,27,0,0,0,0,24,0,0,0,0
2,28,0,0,0,0,15,0,0,0,0
2,26,0,0,0,0,14,0,0,0,0
2,11,0,0,0,0,26,0,0,0,0
2,11,0,0,0,0,12,0,0,0,0
2,19,0,0,0,0,14,0,0,0,0
2,25,0,0,0,0,1,0,0,0,0
2,17,0,0,0,0,13,0,0,0,0
2,46,0,0,0,0,22,0,0,0,0
2,17,0,0,0,0,34,0,0,0,0
2,57,0,0,0,0,41,0,0,0,0
2,7,0,0,0,0,64,0,0,100,0
2,65,0,0,0,0,73,-2,2,100,0
2,46,0,0,0,0,57,-2,2,100,0
2,22,0,0,0,0,13,-4,2,100,0
2,18,0,0,0,0,1,-4,6,100,0
2,4,0,0,0,0,16,-6,4,100,0
2,19,0,0,0,0,7,-4,6,100,0
2,39,0,0,0,0,17,-4,4,100,0
2,2,0,0,0,0,67,-4,4,100,0
0,0,0,0,0,0,28,0,0,100,0
2,0,0,0,0,0,40,-4,0,100,0
2,3,0,0,0,0,35,-2,0,100,0
2,2,0,0,0,0,14,-6,0,100,0
2,5,0,0,0,0,45,-4,-2,100,0
2,23,0,0,0,0,29,-8,0,100,0
2,19,0,0,0,0,33,-4,0,100,0
2,40,0,0,0,0,67,-4,-4,100,0
2,26,0,0,0,0,2,-4,-2,100,0
2,13,0,0,0,0,3,-4,-4,100,0
2,17,0,0,0,0,6,-4,-2,100,0
2,4,0,0,0,0,26,-4,0,100,0
2,25,0,0,0,0,106,-10,0,100,0
2,11,0,0,0,0,1,-6,0,100,0
2,31,0,0,0,0,10,-6,0,100,0
2,41,0,0,0,0,9,-12,0,100,0
2,91,0,0,0,0,14,-10,2,100,0
2,18,0,0,0,0,17,-14,2,100,0
2,0,0,0,0,0,18,-10,2,100,0
2,14,0,0,0,0,4,-10,2,100,0
2,26,0,0,0,0,2,-18,2,100,0
2,25,0,0,0,0,19,-12,4,100,0
2,0,0,0,0,0,11,-18,4,100,0
2,5,0,0,0,0,14,-14,4,100,0
2,21,0,0,0,0,21,-14,4,100,0
2,6,0,0,0,0,56,-14,2,100,0
2,0,0,0,0,0,62,-14,2,100,0
2,8,0,0,0,0,6,-12,2,100,0
2,59,0,0,0,0,10,-12,2,100,0
2,19,0,0,0,0,49,-10,2,100,0
2,21,0,0,0,0,20,2,6,100,0
2,10,0,0,0,0,13,-2,4,100,0
2,19,0,0,0,0,7,4,10,100,0
2,7,0,0,0,0,9,2,6,100,0
2,46,0,0,0,0,78,2,8,100,0
2,1,0,0,0,0,10,-14,4,100,0
2,5,0,0,0,0,45,-18,6,100,0
2,6,0,0,0,0,78,-32,12,100,0
2,15,0,0,0,0,2,-22,8,100,0
2,2,0,0,0,0,29,-36,14,100,0
2,24,0,0,0,0,2,-26,8,100,0
2,12,0,0,0,0,33,-44,12,100,0
2,27,0,0,0,0,37,-28,8,100,0
2,7,0,0,0,0,42,-32,6,100,0
2,4,0,0,0,0,26,18,36,100,0
2,5,0,0,0,0,2,18,34,100,0
0,8,0,0,0,0,3,18,32,100,0
0,6,0,0,0,0,113,18,28,100,0
0,31,0,0,0,0,22,32,32,100,0
0,45,0,0,0,0,47,30,30,100,0
0,1,0,0,0,0,23,0,0,0,0
0,3,0,0,0,0,0,0,0,0,0
0,5,0,0,0,0,10,0,0,0,0
0,1,0,0,0,0,26,0,0,0,0
0,33,0,0,0,0,12,0,0,0,0
0,68,0,0,0,0,31,0,0,0,0
0,7,0,0,0,0,29,0,0,0,0
0,19,0,0,0,0,10,0,0,0,0
0,0,0,0,0,0,42,0,0,0,0
0,19,0,0,0,0,53,0,0,0,0
0,43,0,0,0,0,11,0,0,0,0
0,10,0,0,0,0,93,0,0,0,0
0,25,0,0,0,0,29,0,0,0,0
0,11,0,0,0,0,8,0,0,0,0
0,11,0,0,0,0,34,0,0,0,0
0,14,0,0,0,0,29,0,0,0,0
0,12,0,0,0,0,49,0,0,0,0
0,2,0,0,0,0,25,0,0,0,0
0,1,0,0,0,0,33,0,0,0,0
0,28,0,0,0,0,24,0,0,0,0
0,18,0,0,0,0,12,0,0,0,0
0,6,0,0,0,0,16,0,0,0,0
0,11,0,0,0,0,6,0,0,0,0
0,7,0,0,0,0,50,0,0,0,0
0,29,0,0,0,0,54,0,0,0,0
0,9,0,0,0,0,17,0,0,0,0
0,14,0,0,0,0,18,0,0,0,0
0,2,0,0,0,0,5,0,0,0,0
0,13,0,0,0,0,13,0,0,0,0
0,2,0,0,0,0,44,0,0,0,0
0,2,0,0,0,0,39,0,0,0,0
0,24,0,0,0,0,39,0,0,0,0
0,44,0,0,0,0,14,0,0,0,0
0,29,0,0,0,0,4,0,0,0,0
0,1,0,0,0,0,53,0,0,0,0
0,20,0,0,0,0,59,0,0,0,0
0,4,0,0,0,0,57,0,0,0,0
0,12,0,0,0,0,83,0,0,0,0
0,28,0,0,0,0,6,0,0,0,0
0,16,0,0,0,0,18,0,0,0,0
0,6,0,0,0,0,17,0,0,0,0
0,9,0,0,0,0,4,0,0,0,0
0,10,0,0,0,0,6,0,0,0,0
0,0,0,0,0,0,38,0,0,0,0
0,5,0,0,0,0,91,0,0,0,0
0,1,0,0,0,0,52,0,0,0,0
0,9,0,0,0,0,41,0,0,0,0
0,19,0,0,0,0,15,0,0,0,0
